instancia_idx,a,n,mu,p,num_params,mixer,method,ground_energy,initial_problem_energy,initial_mixer_energy,best_energy,absolute_error,relative_error,num_restarts,maxiter,used_warmstart,runtime_min
3,"[14, 13, 1, 13, 1]",5,14.0,1,2,jx,CMA-ES,0.0,357.33333333333337,4.714045207910321,202.7680435464603,202.7680435464603,202.7680435464603,25,500,False,0.05518701473871867
3,"[14, 13, 1, 13, 1]",5,14.0,2,4,jx,CMA-ES,0.0,357.33333333333337,4.714045207910321,174.80118781319456,174.80118781319456,174.80118781319456,25,500,False,0.0962071975072225
3,"[14, 13, 1, 13, 1]",5,14.0,3,6,jx,CMA-ES,0.0,357.33333333333337,4.714045207910321,186.46399555042177,186.46399555042177,186.46399555042177,25,500,False,0.12215668360392253
3,"[14, 13, 1, 13, 1]",5,14.0,4,8,jx,CMA-ES,0.0,357.33333333333337,4.714045207910321,212.26055541733783,212.26055541733783,212.26055541733783,25,500,False,0.15464500983556112
3,"[14, 13, 1, 13, 1]",5,14.0,5,10,jx,CMA-ES,0.0,357.33333333333337,4.714045207910321,274.30242781379116,274.30242781379116,274.30242781379116,25,500,False,0.18770232200622558
3,"[14, 13, 1, 13, 1]",5,14.0,6,12,jx,CMA-ES,0.0,357.33333333333337,4.714045207910321,253.24237858497122,253.24237858497122,253.24237858497122,25,500,False,0.2089356501897176
3,"[14, 13, 1, 13, 1]",5,14.0,7,14,jx,CMA-ES,0.0,357.33333333333337,4.714045207910321,277.0147270684302,277.0147270684302,277.0147270684302,25,500,False,0.23554912010828655
3,"[14, 13, 1, 13, 1]",5,14.0,8,16,jx,CMA-ES,0.0,357.33333333333337,4.714045207910321,267.36060876856703,267.36060876856703,267.36060876856703,25,500,False,0.25993030071258544
3,"[14, 13, 1, 13, 1]",5,14.0,9,18,jx,CMA-ES,0.0,357.33333333333337,4.714045207910321,254.04625101475497,254.04625101475497,254.04625101475497,25,500,False,0.3058937946955363
3,"[14, 13, 1, 13, 1]",5,14.0,10,20,jx,CMA-ES,0.0,357.33333333333337,4.714045207910321,228.38548305208323,228.38548305208323,228.38548305208323,25,500,False,0.29455230236053465
