grafo_id,num_edges,ground_energy,ground_degeneracy,spectral_gap,iteraciones,energia_final,diferencia_ground,approx_ratio,gradiente_final,pool_size,runtime_min,initial_energy,converged
1,6,-12.0,12,0.0,12,-11.777777777639152,0.22222222236084832,0.9814814814699293,1.2056467364975564e-05,29,0.8608315388361613,-10.000000000000002,1
2,6,-12.0,12,0.0,9,-11.88561808244655,0.11438191755344995,0.9904681735372125,2.5668508950520534e-05,29,0.6810348431269327,-10.000000000000002,1
3,7,-14.0,6,0.0,12,-13.669750411862863,0.33024958813713745,0.9764107437044902,8.169627982481048e-06,33,0.9526964426040649,-10.000000000000002,1
4,8,-14.0,42,0.0,9,-13.768515843883103,0.2314841561168972,0.9834654174202216,0.008472312778947827,37,0.4689600149790446,-10.000000000000002,1
5,5,-10.0,24,0.0,12,-9.942809029714907,0.057190970285093456,0.9942809029714906,1.840315890613309e-05,25,0.8158703287442525,-10.000000000000002,1
6,7,-12.0,72,0.0,13,-11.999999990131116,9.868884376373899e-09,0.999999999177593,0.0001054004261313119,33,0.6499562859535217,-10.000000000000002,1
7,8,-14.0,42,0.0,14,-13.911720968307616,0.08827903169238382,0.9936943548791154,0.006555723095439971,37,1.0112672328948975,-10.000000000000002,1
8,7,-14.0,6,0.0,12,-13.669750411871526,0.33024958812847416,0.9764107437051089,4.00279880159661e-07,33,0.5745851159095764,-10.000000000000002,1
9,7,-12.0,72,0.0,13,-11.999999988502143,1.149785688880911e-08,0.9999999990418452,0.00011345334777932858,33,0.8597952723503113,-10.000000000000002,1
10,6,-12.0,18,0.0,16,-11.963131991713796,0.036868008286203846,0.9969276659761497,0.005673513922375747,29,1.3509914994239807,-10.000000000000002,1
11,9,-16.0,18,0.0,10,-15.885618083163578,0.11438191683642174,0.9928511301977236,2.6986023602923975e-07,41,0.45399165550867715,-10.000000000000002,1
12,5,-10.0,18,0.0,12,-9.726716872724213,0.2732831272757874,0.9726716872724213,0.0071453770065191624,25,0.6242589871088664,-10.000000000000002,1
13,7,-14.0,12,0.0,16,-13.938333449958467,0.061666550041532986,0.9955952464256048,0.0020150808724218555,33,1.1605718771616618,-10.000000000000002,1
14,7,-12.0,72,0.0,13,-11.999999988720186,1.1279814415843248e-08,0.9999999990600155,0.00011239515570481074,33,0.927471649646759,-10.000000000000002,1
15,7,-12.0,72,0.0,13,-11.99999998948593,1.0514069614941945e-08,0.9999999991238275,0.0001089211228879284,33,0.817897621790568,-10.000000000000002,1
16,6,-12.0,18,0.0,29,-11.909502153153575,0.09049784684642503,0.992458512762798,0.007220953973107419,29,4.953976472218831,-10.000000000000002,1
17,6,-12.0,12,0.0,20,-11.887627602287356,0.11237239771264385,0.9906356335239463,0.007081153381603249,29,1.5937915921211243,-10.000000000000002,1
18,7,-12.0,72,0.0,16,-11.777777773256632,0.22222222674336756,0.9814814811047193,0.00017480674225952108,33,1.0732511321703593,-10.000000000000002,1
19,6,-12.0,12,0.0,22,-11.962962960263749,0.03703703973625139,0.996913580021979,5.744554137852657e-05,29,2.526027544339498,-10.000000000000002,1
20,5,-10.0,36,0.0,37,-9.999569385845616,0.0004306141543839459,0.9999569385845616,0.005109511912575645,25,17.141016006469727,-10.000000000000002,1
21,7,-14.0,12,0.0,33,-13.996405363904799,0.0035946360952010536,0.9997432402789143,0.006286532937084946,33,12.894715638955434,-10.000000000000002,1
22,7,-14.0,6,0.0,36,-13.952384623552865,0.047615376447135205,0.9965989016823474,0.006937482883393078,33,14.966568414370219,-10.000000000000002,1
23,8,-16.0,6,0.0,13,-15.828783030011175,0.17121696998882463,0.9892989393756985,0.005591176180434848,37,0.8351678450902303,-10.000000000000002,1
24,5,-10.0,24,0.0,8,-9.942809036184457,0.05719096381554323,0.9942809036184457,7.77162093487673e-05,25,0.4138005057970683,-10.000000000000002,1
25,6,-12.0,12,0.0,21,-11.887709562528848,0.11229043747115242,0.9906424635440706,0.007828132026340426,29,2.0774222453435263,-10.000000000000002,1
26,5,-10.0,24,0.0,16,-9.993807989990547,0.0061920100094532415,0.9993807989990546,4.967077125079645e-06,25,1.2157405654589335,-10.000000000000002,1
27,6,-12.0,12,0.0,14,-11.999999999889532,1.1046807912862278e-10,0.9999999999907944,2.1360379311524036e-05,29,0.8751400510470072,-10.000000000000002,1
28,5,-10.0,24,0.0,18,-9.994611780856243,0.005388219143757311,0.9994611780856243,0.002900539577923297,25,1.8855945905049643,-10.000000000000002,1
29,6,-12.0,12,0.0,14,-11.999999999596888,4.0311221027877764e-10,0.9999999999664073,1.8942150251227126e-05,29,1.0890572587649028,-10.000000000000002,1
30,9,-16.0,18,0.0,21,-15.83854926124056,0.16145073875943972,0.989909328827535,0.009332874188199149,41,2.484993004798889,-10.000000000000002,1
31,6,-12.0,12,0.0,16,-11.458122847077272,0.5418771529227282,0.9548435705897726,2.2842869519442907e-05,29,1.204857381184896,-10.000000000000002,1
32,8,-14.0,42,0.0,19,-13.998352990631487,0.0016470093685132525,0.9998823564736776,0.009715461792827203,37,1.977003574371338,-10.000000000000002,1
33,6,-12.0,18,0.0,29,-11.909502153108834,0.09049784689116613,0.9924585127590695,0.007222457468554177,29,4.91556990146637,-10.000000000000002,1
34,7,-14.0,12,0.0,9,-13.564630428833658,0.43536957116634234,0.9689021734881184,4.8899588984653095e-06,33,0.5866703788439432,-10.000000000000002,1
35,6,-12.0,12,0.0,12,-11.777777777733894,0.22222222226610633,0.9814814814778244,1.1063504607023869e-05,29,0.6370746731758118,-10.000000000000002,1
36,5,-10.0,24,0.0,13,-9.777777749455907,0.2222222505440925,0.9777777749455907,5.820678671208363e-05,25,0.8324201146761576,-10.000000000000002,1
37,8,-14.0,42,0.0,19,-13.998353084583362,0.0016469154166376399,0.9998823631845258,0.009931823182245884,37,1.8205644687016804,-10.000000000000002,1
38,6,-12.0,12,0.0,7,-10.962962962962745,1.0370370370372548,0.9135802469135621,8.491029935266711e-07,29,0.4931219776471456,-10.000000000000002,1
39,5,-10.0,24,0.0,14,-9.999992595700917,7.40429908319129e-06,0.9999992595700917,0.001649725203896011,25,0.914942185084025,-10.000000000000002,1
40,7,-14.0,12,0.0,13,-13.312305185841002,0.6876948141589985,0.9508789418457858,0.0011626217278906102,33,0.7641294439633687,-10.000000000000002,1
41,8,-14.0,42,0.0,25,-13.97925574461141,0.020744255388590815,0.9985182674722435,0.008105167546798459,37,3.2911497831344603,-10.000000000000002,1
42,7,-14.0,6,0.0,8,-13.663395860825235,0.3366041391747654,0.9759568472018024,8.013673478526532e-06,33,0.38381321827570597,-10.000000000000002,1
43,6,-12.0,18,0.0,50,-11.987168731407365,0.012831268592634615,0.9989307276172804,0.016194426171655788,29,40.310477928320566,-10.000000000000002,0
44,7,-14.0,12,0.0,24,-13.909033044666188,0.09096695533381194,0.9935023603332992,0.008915736305677786,33,3.2539004921913146,-10.000000000000002,1
45,9,-16.0,18,0.0,21,-15.83854926159325,0.1614507384067494,0.9899093288495782,0.00933115089249257,41,2.1621694525082904,-10.000000000000002,1
46,7,-14.0,6,0.0,35,-13.949215631190441,0.050784368809559055,0.9963725450850315,0.008846384979447482,33,7.99312660296758,-10.000000000000002,1
47,6,-12.0,18,0.0,24,-11.975308641858014,0.024691358141986086,0.9979423868215012,1.0145631130548407e-05,29,3.133667476971944,-10.000000000000002,1
48,8,-16.0,6,0.0,10,-15.354230928601943,0.6457690713980568,0.9596394330376214,2.5678382788267647e-06,37,0.5122392098108928,-10.000000000000002,1
49,5,-10.0,36,0.0,37,-9.99956939084825,0.000430609151749195,0.9999569390848251,0.005131323051125711,25,13.259925015767415,-10.000000000000002,1
50,5,-10.0,24,0.0,17,-9.897031564787248,0.10296843521275179,0.9897031564787249,0.007287606421188191,25,1.1245144764582315,-10.000000000000002,1
51,6,-12.0,18,0.0,29,-11.90950215300301,0.09049784699699082,0.9924585127502508,0.00722090366737796,29,4.483064198493958,-10.000000000000002,1
52,7,-14.0,6,0.0,37,-13.957532348574954,0.042467651425045716,0.9969665963267824,0.0035878471942222758,33,13.969018479188284,-10.000000000000002,1
53,8,-16.0,6,0.0,25,-15.89932040975146,0.10067959024853934,0.9937075256094663,0.009555713352646437,37,2.790153956413269,-10.000000000000002,1
54,9,-16.0,18,0.0,10,-15.885618083162147,0.11438191683785348,0.9928511301976342,1.238216541942525e-06,41,0.5122082948684692,-10.000000000000002,1
55,6,-12.0,12,0.0,12,-11.777777777614968,0.22222222238503164,0.981481481467914,1.5754507323472805e-05,29,0.6691951990127564,-10.000000000000002,1
56,5,-10.0,24,0.0,17,-9.89703156422041,0.1029684357795908,0.9897031564220409,0.007277321416234945,25,1.7001853267351785,-10.000000000000002,1
57,7,-14.0,6,0.0,8,-13.663395860913573,0.33660413908642717,0.9759568472081124,5.31491820467287e-06,33,0.4010491649309794,-10.000000000000002,1
58,5,-10.0,18,0.0,13,-9.999999999973772,2.6227908733744698e-11,0.9999999999973772,1.7894147552827885e-05,25,7.581678517659506,-10.000000000000002,1
59,10,-16.0,90,0.0,18,-15.933661339281176,0.06633866071882366,0.9958538337050735,0.009756108350671899,45,0.9718498627344767,-10.000000000000002,1
60,6,-12.0,12,0.0,20,-11.895480752115871,0.10451924788412903,0.9912900626763226,0.007739873310381433,29,2.310582625865936,-10.000000000000002,1
61,6,-12.0,18,0.0,25,-11.999999999932442,6.755840331607033e-11,0.9999999999943702,8.108796994040814e-06,29,3.3574814915657045,-10.000000000000002,1
62,5,-10.0,24,0.0,11,-9.79466089308466,0.2053391069153392,0.9794660893084661,7.575706169723469e-06,25,0.6493763089179992,-10.000000000000002,1
63,5,-10.0,36,0.0,37,-9.999569380021319,0.00043061997868143465,0.9999569380021318,0.005108099370245299,25,14.437412563959757,-10.000000000000002,1
64,8,-14.0,42,0.0,14,-13.911720968255434,0.08827903174456608,0.9936943548753882,0.0065539278492774055,37,0.8075155695279439,-10.000000000000002,1
65,5,-10.0,30,0.0,18,-9.851851851127234,0.14814814887276562,0.9851851851127235,2.833198042428799e-05,25,1.2013563632965087,-10.000000000000002,1
66,7,-14.0,6,0.0,14,-13.840143471826782,0.1598565281732185,0.9885816765590558,0.005961682677491984,33,0.894162118434906,-10.000000000000002,1
67,7,-14.0,6,0.0,13,-13.669324650357332,0.330675349642668,0.9763803321683808,0.0064961784094817124,33,0.6445679068565369,-10.000000000000002,1
68,8,-16.0,6,0.0,25,-15.899320409703602,0.10067959029639795,0.9937075256064751,0.009555870778966238,37,3.387923467159271,-10.000000000000002,1
69,8,-14.0,42,0.0,7,-13.831697930468895,0.16830206953110505,0.987978423604921,1.890042129052992e-06,37,0.4306293765703837,-10.000000000000002,1
70,7,-14.0,6,0.0,36,-13.953177460860905,0.04682253913909484,0.9966555329186361,0.005835251912700137,33,13.745388869444529,-10.000000000000002,1
71,5,-10.0,18,0.0,10,-9.990667999722143,0.009332000277856523,0.9990667999722144,4.367394587361426e-05,25,0.6539456605911255,-10.000000000000002,1
72,7,-14.0,12,0.0,29,-13.973129142225785,0.02687085777421494,0.9980806530161275,0.008040812793031631,33,5.612534749507904,-10.000000000000002,1
73,6,-12.0,12,0.0,24,-11.997044299405331,0.002955700594668542,0.9997536916171109,0.007866534310296552,29,3.2266139149665833,-10.000000000000002,1
74,7,-14.0,12,0.0,22,-13.943930859387581,0.05606914061241852,0.9959950613848273,0.005016554886666712,33,2.1577388882637023,-10.000000000000002,1
75,5,-10.0,36,0.0,24,-9.999999902304316,9.769568443118715e-08,0.9999999902304315,9.526816156660849e-05,25,2.9707629601160686,-10.000000000000002,1
76,5,-10.0,30,0.0,18,-9.851851851596512,0.14814814840348767,0.9851851851596513,1.4223943605104483e-05,25,1.217080307006836,-10.000000000000002,1
77,8,-14.0,42,0.0,11,-13.771388700303193,0.22861129969680682,0.9836706214502281,0.002334843523246995,37,0.5091736714045206,-10.000000000000002,1
78,6,-12.0,18,0.0,25,-11.995580619267203,0.004419380732796796,0.9996317182722669,0.008286085723348944,29,2.5973912398020427,-10.000000000000002,1
79,8,-16.0,6,0.0,13,-15.828783029984422,0.17121697001557834,0.9892989393740264,0.005592342391724597,37,0.7159846226374308,-10.000000000000002,1
80,5,-10.0,18,0.0,13,-9.999999999968935,3.106492840743158e-11,0.9999999999968935,1.979711318403043e-05,25,0.6964696566263835,-10.000000000000002,1
81,7,-14.0,6,0.0,26,-12.835441089950557,1.1645589100494433,0.916817220710754,0.008715085117483487,33,2.919554142157237,-10.000000000000002,1
82,8,-14.0,42,0.0,15,-13.948199762945622,0.05180023705437797,0.9962999830675444,0.00239233713946252,37,1.409097182750702,-10.000000000000002,1
83,8,-14.0,42,0.0,10,-13.923745388766157,0.0762546112338427,0.9945532420547255,9.590040655669452e-05,37,0.5815051237742106,-10.000000000000002,1
84,6,-12.0,30,0.0,50,-11.98528573263811,0.01471426736189052,0.9987738110531758,0.012210849467218354,29,59.65992013613383,-10.000000000000002,0
85,7,-14.0,6,0.0,32,-13.988291094435263,0.011708905564736583,0.9991636496025188,0.00408084375077045,33,7.540767256418864,-10.000000000000002,1
86,6,-12.0,12,0.0,7,-10.96296296296268,1.0370370370373205,0.9135802469135567,8.441965980780785e-07,29,0.38669196764628094,-10.000000000000002,1
87,8,-16.0,6,0.0,25,-15.899320409791182,0.10067959020881823,0.9937075256119489,0.009548162504408281,37,3.1482115467389424,-10.000000000000002,1
88,6,-10.0,108,0.0,10,-9.996729194061269,0.0032708059387314137,0.9996729194061269,1.7968668086818053e-05,29,0.5708861947059631,-10.000000000000002,1
89,6,-12.0,12,0.0,12,-11.777777777760267,0.22222222223973276,0.9814814814800222,8.692353520089895e-06,29,0.7263398170471191,-10.000000000000002,1
90,7,-14.0,6,0.0,40,-13.990717544529232,0.009282455470767559,0.9993369674663738,0.009995507824547941,33,7.806481552124024,-10.000000000000002,1
91,5,-10.0,24,0.0,14,-9.999992595137016,7.404862984117244e-06,0.9999992595137016,0.0016465060826421007,25,1.9973680098851523,-10.000000000000002,1
92,7,-14.0,6,0.0,36,-13.952384302042644,0.04761569795735632,0.9965988787173317,0.006938930151924424,33,14.334706115722657,-10.000000000000002,1
93,5,-10.0,36,0.0,24,-9.999999895208834,1.0479116596684435e-07,0.9999999895208834,0.00011402869613390622,25,3.129715983072917,-10.000000000000002,1
94,5,-10.0,24,0.0,13,-9.777777665180702,0.22222233481929798,0.9777777665180702,8.667488932483527e-05,25,0.9575438698132833,-10.000000000000002,1
95,6,-12.0,18,0.0,29,-11.909502152839767,0.09049784716023268,0.9924585127366473,0.007221055401633552,29,4.758415738741557,-10.000000000000002,1
96,5,-10.0,24,0.0,16,-9.993807989967793,0.006192010032206596,0.9993807989967793,5.355815952197033e-06,25,1.1473611076672872,-10.000000000000002,1
97,6,-12.0,12,0.0,14,-11.999999997127357,2.8726425682634726e-09,0.9999999997606132,1.886794585772812e-05,29,0.9463206052780151,-10.000000000000002,1
98,6,-12.0,12,0.0,12,-11.777777777734526,0.22222222226547395,0.9814814814778772,9.936427873067597e-06,29,0.6835158626238506,-10.000000000000002,1
99,6,-12.0,12,0.0,13,-11.999999999995815,4.18509671362699e-12,0.9999999999996513,3.221269443052692e-06,29,0.7172855854034423,-10.000000000000002,1
100,5,-10.0,24,0.0,12,-9.942809033430258,0.057190966569741875,0.9942809033430258,1.9394170115403563e-05,25,0.6126917401949564,-10.000000000000002,1
101,6,-12.0,12,0.0,16,-11.862864597282936,0.13713540271706393,0.988572049773578,0.005826806050456203,29,1.065592058499654,-10.000000000000002,1
102,6,-12.0,12,0.0,12,-11.777753119828049,0.2222468801719515,0.9814794266523373,0.0029879426936473665,29,0.8643438220024109,-10.000000000000002,1
103,6,-12.0,18,0.0,25,-11.99999999990902,9.097966824356263e-11,0.9999999999924184,1.5709641470213835e-05,29,3.2202803532282513,-10.000000000000002,1
104,6,-12.0,18,0.0,24,-11.944564944467734,0.05543505553226602,0.9953804120389779,0.009532440920475057,29,3.0211438576380414,-10.000000000000002,1
105,5,-10.0,36,0.0,24,-9.9999999722589,2.774110008374464e-08,0.99999999722589,1.978466146731709e-05,25,3.452411123116811,-10.000000000000002,1
106,6,-12.0,12,0.0,15,-11.707242670033514,0.29275732996648607,0.9756035558361261,0.005290330722953969,29,0.8151452461878459,-10.000000000000002,1
107,5,-10.0,36,0.0,24,-9.999999969574604,3.0425395536326505e-08,0.9999999969574604,2.0402551994730373e-05,25,3.3651111563046774,-10.000000000000002,1
108,5,-10.0,24,0.0,16,-9.993807989956998,0.006192010043001517,0.9993807989956999,1.2246399051329303e-05,25,0.91049565076828,-10.000000000000002,1
109,8,-14.0,42,0.0,25,-13.97925574369189,0.0207442563081095,0.9985182674065636,0.0081057029025633,37,3.055288581053416,-10.000000000000002,1
110,6,-12.0,12,0.0,22,-11.962962960164322,0.03703703983567763,0.9969135800136936,5.8250940470527234e-05,29,2.227480737368266,-10.000000000000002,1
111,8,-16.0,6,0.0,9,-15.609475708198026,0.3905242918019738,0.9755922317623766,1.6666112802191422e-05,37,0.3518937826156616,-10.000000000000002,1
112,5,-10.0,24,0.0,16,-9.831264348671281,0.16873565132871882,0.9831264348671281,0.009092845494034137,25,1.431357498963674,-10.000000000000002,1
113,5,-10.0,24,0.0,13,-9.77777775718689,0.22222224281311043,0.977777775718689,4.0237765541303914e-05,25,1.0977739135424296,-10.000000000000002,1
114,6,-12.0,12,0.0,8,-11.885618080731012,0.11438191926898789,0.990468173394251,5.103398472311698e-05,29,0.5255940596262614,-10.000000000000002,1
115,6,-12.0,12,0.0,20,-11.895480752111915,0.10451924788808498,0.991290062675993,0.007737293542358567,29,1.770485814412435,-10.000000000000002,1
116,7,-14.0,6,0.0,21,-13.992373237404594,0.007626762595405623,0.9994552312431854,0.004815533655750078,33,2.2214181701342266,-10.000000000000002,1
117,6,-12.0,12,0.0,20,-11.895480752162037,0.10451924783796329,0.9912900626801697,0.007738914259811596,29,1.386067263285319,-10.000000000000002,1
118,7,-14.0,6,0.0,13,-13.669324650360792,0.33067534963920764,0.9763803321686281,0.006495533571189701,33,0.8234572211901346,-10.000000000000002,1
119,6,-12.0,12,0.0,20,-11.895480752098022,0.10451924790197786,0.9912900626748352,0.0077411961642296625,29,1.797063132127126,-10.000000000000002,1
120,8,-16.0,6,0.0,25,-15.899320409615015,0.10067959038498486,0.9937075256009384,0.009557972346613097,37,3.119968620936076,-10.000000000000002,1
121,7,-14.0,12,0.0,23,-13.946576716858734,0.05342328314126554,0.9961840512041953,0.006793283232624649,33,3.3721155802408855,-10.000000000000002,1
122,8,-14.0,42,0.0,26,-13.979255749845251,0.02074425015474901,0.9985182678460893,0.008084407481951762,37,3.251178534825643,-10.000000000000002,1
123,7,-14.0,6,0.0,26,-12.835441099728063,1.1645589002719365,0.9168172214091473,0.008719374308378562,33,3.391775675614675,-10.000000000000002,1
124,5,-10.0,24,0.0,17,-9.89703156470169,0.10296843529831001,0.989703156470169,0.007280771231270853,25,2.5653168400128683,-10.000000000000002,1
125,5,-10.0,24,0.0,12,-9.94280903453771,0.05719096546228997,0.994280903453771,1.2971232319941938e-05,25,2.523481555779775,-10.000000000000002,1
126,6,-12.0,18,0.0,15,-11.787546495144541,0.21245350485545877,0.9822955412620451,0.007909219022941446,29,5.087461753686269,-10.000000000000002,1
127,5,-10.0,18,0.0,20,-9.999552520421865,0.0004474795781348462,0.9999552520421865,0.0067719796413187065,25,1.3778114914894104,-10.000000000000002,1
128,6,-12.0,18,0.0,50,-11.994912640841042,0.0050873591589581935,0.9995760534034202,0.019061190801448497,29,37.20821904738744,-10.000000000000002,0
129,6,-12.0,12,0.0,21,-11.887709562644204,0.1122904373557958,0.9906424635536837,0.007828628936524617,29,1.8594213008880616,-10.000000000000002,1
130,7,-14.0,6,0.0,14,-13.671847392039062,0.3281526079609378,0.9765605280027901,0.0070371862434293235,33,1.0686639507611593,-10.000000000000002,1
131,5,-10.0,36,0.0,22,-9.999999995551303,4.448697410452951e-09,0.9999999995551303,6.499287854676151e-05,25,2.2475785414377847,-10.000000000000002,1
132,5,-10.0,24,0.0,12,-9.942809037350097,0.0571909626499032,0.9942809037350097,6.3608355397247676e-06,25,0.6350876609484355,-10.000000000000002,1
133,5,-10.0,36,0.0,22,-9.999999993593294,6.40670627660711e-09,0.9999999993593294,1.9945135629177312e-05,25,3.1101985971132913,-10.000000000000002,1
134,5,-10.0,24,0.0,14,-9.999992595345356,7.404654644105335e-06,0.9999992595345356,0.0016489235063013065,25,0.851080842812856,-10.000000000000002,1
135,7,-14.0,6,0.0,8,-13.663395860791855,0.3366041392081449,0.9759568471994182,1.1696402893857389e-05,33,0.5626745263735453,-10.000000000000002,1
136,9,-16.0,18,0.0,23,-15.919612891578856,0.08038710842114405,0.9949758057236785,0.008134730438188477,41,3.196052090326945,-10.000000000000002,1
137,9,-16.0,18,0.0,10,-15.885618083163493,0.114381916836507,0.9928511301977183,9.119773505636311e-07,41,0.6098504066467285,-10.000000000000002,1
138,6,-12.0,18,0.0,25,-11.995580619310786,0.004419380689213881,0.9996317182758988,0.008285358306114434,29,3.3161048968633016,-10.000000000000002,1
139,5,-10.0,18,0.0,10,-9.990668007391676,0.009331992608323958,0.9990668007391676,1.9705956690911182e-05,25,0.7358399669329325,-10.000000000000002,1
140,6,-12.0,12,0.0,14,-11.999999999544942,4.5505821333335916e-10,0.9999999999620784,1.5308789676262053e-05,29,0.9093281070391337,-10.000000000000002,1
141,6,-12.0,12,0.0,28,-11.99999999707874,2.921259678601018e-09,0.9999999997565617,1.0398171539252486e-05,29,3.9476991653442384,-10.000000000000002,1
142,7,-14.0,12,0.0,24,-13.909033044670426,0.09096695532957355,0.9935023603336018,0.0089127088412738,33,3.894220566749573,-10.000000000000002,1
143,8,-14.0,42,0.0,7,-13.831697930427865,0.16830206957213534,0.9879784236019903,7.135422883422552e-06,37,0.520031460126241,-10.000000000000002,1
144,9,-16.0,18,0.0,21,-15.838549261393561,0.16145073860643855,0.9899093288370976,0.009329413772019898,41,1.7973624308904013,-10.000000000000002,1
145,5,-10.0,36,0.0,22,-9.999999985478278,1.4521722491167566e-08,0.9999999985478277,0.00012020812224429144,25,0.47704448699951174,-10.000000000000002,1
146,5,-10.0,24,0.0,18,-9.994462256275552,0.005537743724447708,0.9994462256275553,0.0015037262148050398,25,0.2987208286921183,-10.000000000000002,1
147,8,-14.0,42,0.0,10,-13.923745388767847,0.07625461123215338,0.9945532420548462,9.535111955292537e-05,37,0.10830576419830322,-10.000000000000002,1
148,6,-12.0,12,0.0,12,-11.777753119818955,0.22224688018104466,0.9814794266515796,0.0029877822024800783,29,0.14629777669906616,-10.000000000000002,1
149,6,-12.0,18,0.0,16,-11.96313198784556,0.036868012154439356,0.9969276656537968,0.005675431079996186,29,0.21632671356201172,-10.000000000000002,1
150,6,-12.0,12,0.0,12,-11.777777777737239,0.22222222226276145,0.9814814814781032,9.17753185412451e-06,29,0.13660905361175538,-10.000000000000002,1
151,8,-14.0,42,0.0,12,-13.933858316616204,0.06614168338379578,0.9952755940440146,0.008730147536314702,37,0.14453068574269612,-10.000000000000002,1
152,5,-10.0,24,0.0,16,-9.957301042074969,0.04269895792503142,0.9957301042074969,0.001960586537085614,25,0.21568097273508707,-10.000000000000002,1
153,7,-14.0,12,0.0,16,-13.521722715178013,0.4782772848219867,0.9658373367984295,0.007798742522471796,33,0.1706957976023356,-10.000000000000002,1
154,7,-14.0,6,0.0,21,-13.992373236841358,0.007626763158642191,0.9994552312029541,0.004818790516859241,33,0.29157251914342247,-10.000000000000002,1
155,7,-14.0,6,0.0,26,-13.99999999996892,3.107913926214678e-11,0.9999999999977801,5.423611625796892e-06,33,0.44826815923055013,-10.000000000000002,1
156,5,-10.0,36,0.0,15,-9.85185185078293,0.14814814921706976,0.985185185078293,1.9364188485257478e-05,25,0.18038723071416218,-10.000000000000002,1
157,6,-12.0,18,0.0,25,-11.995580619277408,0.004419380722591626,0.9996317182731174,0.008283655068196748,29,0.4207872192064921,-10.000000000000002,1
158,5,-10.0,24,0.0,18,-9.994462257164614,0.005537742835386439,0.9994462257164614,0.0014967001969176342,25,0.3183446526527405,-10.000000000000002,1
159,5,-10.0,24,0.0,16,-9.95730104214597,0.04269895785403044,0.995730104214597,0.001958466978759605,25,0.23970741430918377,-10.000000000000002,1
160,6,-12.0,12,0.0,20,-11.89548075216004,0.10451924783995992,0.9912900626800033,0.007737154688671946,29,0.2862518310546875,-10.000000000000002,1
161,7,-14.0,12,0.0,29,-13.973129142324764,0.026870857675236337,0.9980806530231974,0.008040616029896664,33,2.095016622543335,-10.000000000000002,1
162,6,-12.0,18,0.0,25,-11.995580619289584,0.004419380710416476,0.999631718274132,0.008287572837755323,29,0.42819637854894005,-10.000000000000002,1
163,7,-12.0,72,0.0,13,-11.99999998879065,1.1209349892737919e-08,0.9999999990658875,0.00011230991736843451,33,0.15559821526209514,-10.000000000000002,1
164,8,-16.0,6,0.0,10,-15.354230928297461,0.6457690717025386,0.9596394330185913,1.5480078043073483e-05,37,0.13200413386027018,-10.000000000000002,1
165,6,-12.0,12,0.0,14,-11.999999999650674,3.4932590153857745e-10,0.9999999999708895,1.884195337598405e-05,29,0.14661061366399128,-10.000000000000002,1
166,7,-14.0,12,0.0,33,-13.99640536397037,0.0035946360296303936,0.9997432402835978,0.006286919507886111,33,1.0920335491498312,-10.000000000000002,1
167,5,-10.0,24,0.0,28,-9.940134110364621,0.05986588963537898,0.9940134110364621,0.007228157357398228,25,0.521345587571462,-10.000000000000002,1
168,5,-10.0,24,0.0,12,-9.942809033718776,0.05719096628122422,0.9942809033718776,2.2217882841587034e-05,25,0.1402478575706482,-10.000000000000002,1
169,5,-10.0,24,0.0,18,-9.994611780154576,0.005388219845423592,0.9994611780154576,0.0029013858134250285,25,0.24943559169769286,-10.000000000000002,1
170,8,-16.0,6,0.0,25,-15.899320409766732,0.100679590233268,0.9937075256104207,0.009551366852048415,37,0.38429714838663737,-10.000000000000002,1
171,5,-10.0,24,0.0,14,-9.99999259700994,7.402990059190984e-06,0.9999992597009941,0.0016466574538145414,25,0.15462268193562825,-10.000000000000002,1
172,6,-12.0,18,0.0,16,-11.804601831374782,0.19539816862521775,0.9837168192812319,0.007636672512427888,29,0.15369637807210287,-10.000000000000002,1
173,7,-14.0,6,0.0,45,-13.988843881915308,0.011156118084691968,0.999203134422522,0.006737305609485056,33,21.465941949685416,-10.000000000000002,1
174,5,-10.0,24,0.0,16,-9.993807989968111,0.006192010031888628,0.9993807989968111,5.266254617575349e-06,25,0.933725651105245,-10.000000000000002,1
175,5,-10.0,24,0.0,12,-9.942809036470587,0.057190963529413,0.9942809036470587,1.6788772888794132e-05,25,0.713622530301412,-10.000000000000002,1
176,9,-16.0,18,0.0,10,-15.72094872361653,0.2790512763834698,0.9825592952260331,1.370618308733169e-05,41,0.8219626625378926,-10.000000000000002,1
177,7,-14.0,6,0.0,36,-13.952384029027863,0.04761597097213688,0.9965988592162759,0.006937540175777747,33,11.674669241905212,-10.000000000000002,1
178,7,-14.0,12,0.0,29,-13.973129142568029,0.026870857431971373,0.9980806530405735,0.008043478900311284,33,4.671539851029714,-10.000000000000002,1
179,5,-10.0,36,0.0,24,-9.99999997032843,2.9671570089817578e-08,0.999999997032843,1.6524604060316127e-05,25,2.9374524553616843,-10.000000000000002,1
180,6,-12.0,12,0.0,20,-11.887627603036393,0.11237239696360746,0.9906356335863661,0.007081476055187781,29,1.3894621769587199,-10.000000000000002,1
181,7,-14.0,6,0.0,32,-13.988291091858722,0.01170890814127823,0.9991636494184801,0.004080674815365801,33,5.94688732624054,-10.000000000000002,1
182,8,-14.0,42,0.0,9,-13.773984015025233,0.22601598497476694,0.9838560010732309,3.578303517608213e-06,37,0.5655924161275228,-10.000000000000002,1
183,6,-12.0,12,0.0,15,-11.942809041211637,0.05719095878836278,0.9952340867676365,1.7876871427035322e-05,29,1.0830974658330281,-10.000000000000002,1
184,7,-14.0,6,0.0,40,-13.99071754446639,0.009282455533609735,0.999336967461885,0.009998578120436906,33,11.729714540640513,-10.000000000000002,1
185,6,-12.0,12,0.0,22,-11.96296296010617,0.037037039893830226,0.9969135800088474,5.916512746489928e-05,29,1.9986209988594055,-10.000000000000002,1
186,8,-14.0,42,0.0,19,-13.998500821693074,0.001499178306925586,0.9998929158352196,0.003689828495403197,37,1.282745369275411,-10.000000000000002,1
187,6,-12.0,12,0.0,28,-11.999999997909978,2.090022377387868e-09,0.9999999998258314,9.691168086687573e-06,29,3.976223683357239,-10.000000000000002,1
188,6,-12.0,18,0.0,24,-11.975308641866597,0.02469135813340273,0.9979423868222165,7.28727759425395e-06,29,3.6409151752789817,-10.000000000000002,1
189,7,-14.0,6,0.0,8,-13.663395860920632,0.3366041390793679,0.9759568472086165,5.009932650065886e-06,33,0.07141600847244263,-10.000000000000002,1
190,8,-16.0,6,0.0,25,-15.899320409764334,0.10067959023566608,0.9937075256102709,0.00955116650412102,37,0.5326447288195292,-10.000000000000002,1
191,7,-14.0,6,0.0,13,-13.669324650322762,0.33067534967723766,0.9763803321659116,0.006497423455049517,33,0.1455060879389445,-10.000000000000002,1
192,6,-12.0,18,0.0,15,-11.787546495129465,0.21245350487053472,0.9822955412607888,0.007908960061405802,29,0.25763270060221355,-10.000000000000002,1
193,7,-14.0,6,0.0,37,-13.95753234882067,0.04246765117932938,0.9969665963443336,0.003586957985731185,33,1.7684420228004456,-10.000000000000002,1
194,7,-14.0,6,0.0,9,-13.663395860936886,0.33660413906311426,0.9759568472097776,3.2531439126934357e-06,33,0.06852657397588094,-10.000000000000002,1
195,7,-14.0,12,0.0,21,-13.890736051614846,0.10926394838515385,0.9921954322582033,0.008555070941684931,33,0.2965166409810384,-10.000000000000002,1
196,7,-14.0,6,0.0,14,-13.671847392021089,0.328152607978911,0.9765605280015064,0.007045072902445823,33,0.15247869888941448,-10.000000000000002,1
197,5,-10.0,24,0.0,18,-9.9944622574114,0.005537742588600736,0.99944622574114,0.0014933731409096744,25,0.23303131659825643,-10.000000000000002,1
198,5,-10.0,24,0.0,14,-9.999999994467824,5.532175606504097e-09,0.9999999994467824,6.551724359616978e-05,25,0.15882033109664917,-10.000000000000002,1
199,7,-14.0,6,0.0,39,-13.800606157063683,0.1993938429363169,0.985757582647406,0.009889801651658219,33,3.657402551174164,-10.000000000000002,1
200,6,-12.0,12,0.0,16,-11.862864597311113,0.13713540268888735,0.988572049775926,0.005828303450799392,29,0.17622711658477783,-10.000000000000002,1
201,6,-12.0,18,0.0,24,-11.944564944643613,0.05543505535638715,0.9953804120536344,0.00953211697901659,29,0.40669469436009725,-10.000000000000002,1
202,6,-12.0,12,0.0,21,-11.887709562328107,0.11229043767189317,0.9906424635273422,0.00783399788788719,29,0.2851046800613403,-10.000000000000002,1
203,7,-14.0,6,0.0,14,-12.658214844074463,1.3417851559255372,0.904158203148176,0.009828979269956045,33,0.14930454889933267,-10.000000000000002,1
204,8,-14.0,42,0.0,26,-13.979255747717257,0.020744252282742792,0.9985182676940898,0.008086206561169972,37,0.43924882014592487,-10.000000000000002,1
205,6,-12.0,12,0.0,23,-11.915091073701161,0.08490892629883895,0.9929242561417634,0.0062252648056246454,29,0.4256467382113139,-10.000000000000002,1
206,5,-10.0,24,0.0,16,-9.993807989985415,0.0061920100145851364,0.9993807989985415,3.88926387206242e-06,25,0.23830138047536215,-10.000000000000002,1
207,5,-10.0,30,0.0,18,-9.851851849880598,0.1481481501194022,0.9851851849880597,2.019930635242866e-05,25,0.2458345611890157,-10.000000000000002,1
208,7,-14.0,6,0.0,21,-12.99083036137699,1.0091696386230105,0.9279164543840707,0.00777627765017939,33,0.2998208165168762,-10.000000000000002,1
209,6,-12.0,12,0.0,16,-11.86286459728026,0.13713540271973912,0.9885720497733551,0.005828108921628936,29,0.18563829660415648,-10.000000000000002,1
210,6,-12.0,12,0.0,16,-11.458122847254144,0.5418771527458563,0.954843570604512,1.1484056961179963e-05,29,0.1993453621864319,-10.000000000000002,1
211,5,-10.0,24,0.0,35,-9.999824338714168,0.00017566128583190732,0.9999824338714168,0.007569996156228499,25,1.0484471877415975,-10.000000000000002,1
212,6,-12.0,12,0.0,7,-10.96296296296256,1.0370370370374395,0.9135802469135467,1.144573675062354e-06,29,0.07191215753555298,-10.000000000000002,1
213,5,-10.0,30,0.0,18,-9.851851851686188,0.14814814831381184,0.9851851851686189,6.386493615005815e-06,25,0.27171003818511963,-10.000000000000002,1
214,7,-14.0,6,0.0,36,-13.952384039007107,0.04761596099289278,0.996598859929079,0.006934531068455301,33,16.281831550598145,-10.000000000000002,1
215,7,-14.0,6,0.0,34,-13.988291380718467,0.011708619281533217,0.999163670051319,0.004102987742190385,33,6.57491242090861,-10.000000000000002,1
216,7,-12.0,72,0.0,14,-11.99839549001401,0.0016045099859898215,0.9998662908345008,0.009483860676038132,33,0.7699665466944376,-10.000000000000002,1
217,5,-10.0,18,0.0,13,-9.999999999977074,2.2925661369299632e-11,0.9999999999977074,1.7465744956338502e-05,25,0.5969517350196838,-10.000000000000002,1
218,8,-16.0,6,0.0,25,-15.89932040974366,0.10067959025633932,0.9937075256089788,0.009554647317287335,37,2.6385353326797487,-10.000000000000002,1
219,7,-12.0,72,0.0,14,-11.998395489687343,0.0016045103126565152,0.9998662908072786,0.009481277623212136,33,0.8825692931811014,-10.000000000000002,1
220,8,-14.0,42,0.0,16,-13.777102816993972,0.2228971830060278,0.9840787726424266,0.008962843838635989,37,1.0312509894371034,-10.000000000000002,1
221,5,-10.0,24,0.0,35,-9.999824334439724,0.00017566556027581726,0.9999824334439724,0.007558334795406672,25,8.372713875770568,-10.000000000000002,1
222,5,-10.0,24,0.0,34,-9.776833538792058,0.22316646120794204,0.9776833538792058,0.007081658818514037,25,5.707924214998881,-10.000000000000002,1
223,7,-12.0,72,0.0,13,-11.999999988122166,1.1877833827611539e-08,0.9999999990101806,0.0001152425763285736,33,0.5694242199261983,-10.000000000000002,1
224,7,-14.0,6,0.0,8,-13.720586819342168,0.2794131806578317,0.9800419156672977,7.755275323067277e-06,33,0.4650120258331299,-10.000000000000002,1
225,5,-10.0,24,0.0,18,-9.99446225774756,0.005537742252439415,0.9994462257747561,0.001494179376235217,25,1.2571442604064942,-10.000000000000002,1
226,5,-10.0,18,0.0,20,-9.999552520331266,0.00044747966873437406,0.9999552520331265,0.006771567832800035,25,1.4574245810508728,-10.000000000000002,1
227,7,-14.0,12,0.0,21,-13.890736051464042,0.10926394853595767,0.9921954322474316,0.008552332324531049,33,1.6090253353118897,-10.000000000000002,1
228,5,-10.0,24,0.0,16,-9.95730104196483,0.042698958035170875,0.9957301041964829,0.0019605789779539888,25,1.1151273210843404,-10.000000000000002,1
229,6,-12.0,18,0.0,29,-11.909502152907944,0.0904978470920561,0.9924585127423287,0.0072214435564081905,29,4.046856351693472,-10.000000000000002,1
230,5,-10.0,24,0.0,16,-9.9938079899918,0.006192010008199134,0.9993807989991801,5.473800176927179e-06,25,1.0606794238090516,-10.000000000000002,1
231,9,-16.0,18,0.0,14,-15.770249281178554,0.22975071882144604,0.9856405800736596,0.004659175117596183,41,0.989076026280721,-10.000000000000002,1
232,6,-12.0,12,0.0,15,-11.70724267001841,0.29275732998159043,0.9756035558348675,0.005290440889475461,29,1.050780193010966,-10.000000000000002,1
233,8,-16.0,6,0.0,9,-15.609475708240126,0.39052429175987413,0.9755922317650079,4.094534357323731e-06,37,0.5123966256777446,-10.000000000000002,1
234,5,-10.0,30,0.0,18,-9.851851848929511,0.1481481510704885,0.9851851848929511,2.3955280923471324e-05,25,1.21824049949646,-10.000000000000002,1
235,5,-10.0,36,0.0,37,-9.999569382791352,0.00043061720864834285,0.9999569382791351,0.005123777037182564,25,12.033149854342144,-10.000000000000002,1
236,8,-14.0,42,0.0,19,-13.998353084175335,0.0016469158246650295,0.999882363155381,0.009931734880163075,37,1.1109286586443583,-10.000000000000002,1
237,9,-16.0,18,0.0,21,-15.838549261559,0.16145073844099933,0.9899093288474375,0.009328885648558499,41,1.6844756444295248,-10.000000000000002,1
238,5,-10.0,36,0.0,24,-9.999999912136834,8.786316563202945e-08,0.9999999912136834,7.137226735666293e-05,25,12.197690085570018,-10.000000000000002,1
239,7,-14.0,6,0.0,11,-13.669750411701452,0.3302495882985479,0.9764107436929609,1.619320192648934e-05,33,0.7461899995803833,-10.000000000000002,1
240,6,-12.0,12,0.0,15,-11.707242670019875,0.29275732998012494,0.9756035558349896,0.005290994896887411,29,1.0190137426058452,-10.000000000000002,1
241,6,-12.0,12,0.0,15,-11.942809040246917,0.05719095975308264,0.9952340866872431,1.672738571588491e-05,29,1.081980562210083,-10.000000000000002,1
242,8,-14.0,42,0.0,19,-13.998352979529692,0.0016470204703082914,0.9998823556806923,0.00970286730734953,37,1.4394160628318786,-10.000000000000002,1
243,8,-14.0,42,0.0,14,-13.9117209680587,0.08827903194129938,0.9936943548613357,0.006553703975010714,37,0.6226845900217692,-10.000000000000002,1
244,5,-10.0,24,0.0,16,-9.993807989947616,0.006192010052384234,0.9993807989947616,1.2501334959900162e-05,25,1.1707880258560182,-10.000000000000002,1
245,8,-14.0,42,0.0,11,-13.996729194238013,0.003270805761987461,0.9997663710170009,2.518591461529637e-05,37,0.6149524688720703,-10.000000000000002,1
246,7,-12.0,72,0.0,13,-11.999999988694405,1.1305594682653464e-08,0.9999999990578671,0.00011251346842321439,33,0.7202643156051636,-10.000000000000002,1
247,5,-10.0,18,0.0,20,-9.99955252043347,0.00044747956652990695,0.999955252043347,0.006772464998566234,25,1.5038441300392151,-10.000000000000002,1
248,7,-14.0,12,0.0,29,-13.973129142322449,0.02687085767755093,0.9980806530230321,0.008037512846627461,33,4.42611985206604,-10.000000000000002,1
249,6,-12.0,12,0.0,12,-11.777777777757525,0.22222222224247545,0.9814814814797937,5.311537935768923e-06,29,0.7433913389841715,-10.000000000000002,1
250,5,-10.0,24,0.0,35,-9.999824349897358,0.00017565010264242176,0.9999824349897357,0.0075562696680805865,25,8.249640389283497,-10.000000000000002,1
251,7,-14.0,6,0.0,21,-13.992373237334627,0.007626762665372766,0.9994552312381877,0.004815013466374162,33,1.5507904648780824,-10.000000000000002,1
252,8,-14.0,42,0.0,15,-13.948199763273411,0.05180023672658862,0.9962999830909579,0.0023940754934266306,37,0.9309019366900126,-10.000000000000002,1
253,6,-12.0,30,0.0,50,-11.985285731346059,0.014714268653941431,0.9987738109455049,0.01220920255603133,29,38.40941545168559,-10.000000000000002,0
254,7,-12.0,72,0.0,14,-11.99839548990634,0.0016045100936601386,0.9998662908255284,0.009478035740051204,33,0.7264431436856588,-10.000000000000002,1
255,6,-12.0,12,0.0,22,-11.962962960643177,0.03703703935682334,0.9969135800535981,5.370516611113078e-05,29,13.629367172718048,-10.000000000000002,1
256,8,-14.0,42,0.0,11,-13.996729194239265,0.0032708057607351293,0.9997663710170903,2.1065210468981614e-05,37,0.5284910877545674,-10.000000000000002,1
257,5,-10.0,24,0.0,16,-9.95730104228204,0.04269895771795973,0.9957301042282041,0.001957915014202106,25,0.9075272003809611,-10.000000000000002,1
258,7,-14.0,6,0.0,32,-13.988291093214034,0.011708906785965922,0.9991636495152881,0.004081199138386412,33,5.993998920917511,-10.000000000000002,1
259,5,-10.0,24,0.0,14,-9.999999996624746,3.3752538541875765e-09,0.9999999996624747,5.679635938075601e-05,25,0.7032827337582906,-10.000000000000002,1
260,5,-10.0,36,0.0,15,-9.851851850639001,0.14814814936099907,0.9851851850639001,1.7807993428971614e-05,25,0.8746806422869364,-10.000000000000002,1
261,7,-14.0,12,0.0,33,-13.996405363985781,0.0035946360142187217,0.9997432402846986,0.006286867609658693,33,7.682170112927754,-10.000000000000002,1
262,5,-10.0,18,0.0,11,-9.72669027262194,0.27330972737805936,0.9726690272621941,0.0075705768953889625,25,0.5169085621833801,-10.000000000000002,1
263,5,-10.0,36,0.0,24,-9.999999947220266,5.277973436079719e-08,0.9999999947220266,6.345655389115085e-05,25,2.5154241919517517,-10.000000000000002,1
264,8,-16.0,6,0.0,25,-15.899320409765993,0.10067959023400697,0.9937075256103746,0.009548798456303511,37,2.386583658059438,-10.000000000000002,1
265,5,-10.0,24,0.0,14,-9.999992595648838,7.404351162421108e-06,0.9999992595648838,0.0016448977462157194,25,0.7881900310516358,-10.000000000000002,1
266,6,-12.0,12,0.0,16,-11.458122847266972,0.5418771527330275,0.954843570605581,6.180724093585759e-06,29,0.9351276636123658,-10.000000000000002,1
267,8,-14.0,42,0.0,19,-13.99835297612384,0.001647023876159892,0.9998823554374171,0.009695780597659326,37,1.4976214170455933,-10.000000000000002,1
268,7,-14.0,6,0.0,32,-13.988291094008643,0.0117089059913571,0.999163649572046,0.004081805923073408,33,6.3190014640490215,-10.000000000000002,1
269,5,-10.0,36,0.0,37,-9.999569382855785,0.0004306171442145512,0.9999569382855785,0.00510986459275494,25,11.681874287128448,-10.000000000000002,1
270,5,-10.0,24,0.0,35,-9.999824327946772,0.00017567205322777113,0.9999824327946772,0.007553797781303509,25,8.417324542999268,-10.000000000000002,1
271,6,-12.0,12,0.0,16,-11.458122847183294,0.5418771528167063,0.9548435705986078,1.1167402085496073e-05,29,0.9334114789962769,-10.000000000000002,1
272,8,-14.0,42,0.0,14,-13.911720968125586,0.08827903187441422,0.9936943548661132,0.006554820915611293,37,0.7180480281511943,-10.000000000000002,1
273,5,-10.0,18,0.0,12,-9.726716872542967,0.27328312745703265,0.9726716872542968,0.007133089172143964,25,0.6490161061286926,-10.000000000000002,1
274,6,-12.0,12,0.0,15,-11.707242670023225,0.2927573299767747,0.9756035558352688,0.005290479644308571,29,0.93722003698349,-10.000000000000002,1
275,6,-12.0,18,0.0,50,-11.994912639542626,0.005087360457373791,0.9995760532952188,0.019055054117139605,29,17.04248435894648,-10.000000000000002,0
276,8,-14.0,42,0.0,19,-13.998353007234524,0.0016469927654760852,0.9998823576596089,0.009731702001973803,37,0.3108379602432251,-10.000000000000002,1
277,6,-12.0,12,0.0,12,-11.777753119829542,0.22224688017045757,0.9814794266524619,0.002988011795457409,29,0.15399292310078938,-10.000000000000002,1
278,8,-14.0,42,0.0,11,-13.996729194265585,0.00327080573441485,0.9997663710189704,6.7834521255095185e-06,37,0.10082727670669556,-10.000000000000002,1
279,5,-10.0,24,0.0,16,-9.95730104228375,0.042698957716250874,0.9957301042283749,0.0019574983130826325,25,0.20369758208592734,-10.000000000000002,1
280,7,-14.0,6,0.0,12,-13.669750411866714,0.3302495881332863,0.9764107437047652,5.092472735488407e-07,33,0.13257051706314088,-10.000000000000002,1
281,7,-14.0,6,0.0,30,-13.99999999828815,1.7118502171342698e-09,0.999999999877725,0.00018363669002644932,33,0.655230450630188,-10.000000000000002,1
282,6,-12.0,12,0.0,16,-11.458122847219862,0.5418771527801383,0.9548435706016551,1.0606804297994172e-05,29,0.16043277978897094,-10.000000000000002,1
283,5,-10.0,24,0.0,16,-9.9938079899859,0.006192010014100191,0.99938079899859,5.571158807138298e-06,25,0.1727736234664917,-10.000000000000002,1
284,6,-12.0,12,0.0,21,-11.887709562488928,0.11229043751107248,0.9906424635407439,0.007835957476130586,29,0.2629559874534607,-10.000000000000002,1
285,6,-12.0,18,0.0,15,-11.787546495111007,0.21245350488899284,0.9822955412592506,0.007908815224694474,29,1.823621356487274,-10.000000000000002,1
286,7,-12.0,72,0.0,13,-11.999999988050952,1.1949047973303095e-08,0.999999999004246,0.00011572782455768035,33,0.17242704232533773,-10.000000000000002,1
287,6,-12.0,30,0.0,23,-11.999999999844249,1.5575096767861396e-10,0.9999999999870207,1.0411628979256725e-05,29,0.2972247282663981,-10.000000000000002,1
288,5,-10.0,24,0.0,18,-9.994611780819207,0.005388219180792575,0.9994611780819207,0.0029020433274349047,25,0.285221521059672,-10.000000000000002,1
289,6,-10.0,108,0.0,10,-9.99672919394245,0.0032708060575501463,0.999672919394245,9.758800125081303e-06,29,0.09834133386611939,-10.000000000000002,1
290,6,-12.0,18,0.0,32,-11.982027271691292,0.017972728308707886,0.998502272640941,0.006462637825085378,29,1.0114619930585225,-10.000000000000002,1
291,8,-14.0,42,0.0,14,-13.911720968299832,0.08827903170016782,0.9936943548785594,0.0065549144410688084,37,0.18706820805867513,-10.000000000000002,1
292,5,-10.0,24,0.0,12,-9.942809038093037,0.05719096190696327,0.9942809038093037,1.846408826845493e-05,25,0.13562980492909749,-10.000000000000002,1
293,5,-10.0,18,0.0,13,-9.999999999970404,2.959588130124757e-11,0.9999999999970404,1.610242377023522e-05,25,0.18328643639882405,-10.000000000000002,1
294,6,-12.0,30,0.0,50,-11.985285732522469,0.014714267477531351,0.998773811043539,0.01220949353873786,29,40.03465650876363,-10.000000000000002,0
295,5,-10.0,24,0.0,35,-9.999824204669299,0.0001757953307013338,0.9999824204669299,0.007583016211374729,25,8.446808230876922,-10.000000000000002,1
296,6,-12.0,12,0.0,20,-11.88762760320815,0.11237239679184974,0.9906356336006792,0.007079436746338963,29,1.4726031223932903,-10.000000000000002,1
297,7,-14.0,12,0.0,21,-13.959006837644893,0.040993162355107415,0.9970719169746352,0.00918126449505319,33,1.8480965495109558,-10.000000000000002,1
298,5,-10.0,24,0.0,12,-9.942809037713117,0.05719096228688336,0.9942809037713116,1.047203504801094e-05,25,0.7997468034426372,-10.000000000000002,1
299,7,-14.0,6,0.0,14,-13.67184739201881,0.32815260798119006,0.9765605280013435,0.007047335025051622,33,0.899838117758433,-10.000000000000002,1
300,6,-12.0,18,0.0,24,-11.944564944544869,0.05543505545513128,0.9953804120454057,0.009532234707900138,29,2.6180538058280947,-10.000000000000002,1
